label,nose_x,nose_y,nose_z,nose_v,left_shoulder_x,left_shoulder_y,left_shoulder_z,left_shoulder_v,right_shoulder_x,right_shoulder_y,right_shoulder_z,right_shoulder_v,left_elbow_x,left_elbow_y,left_elbow_z,left_elbow_v,right_elbow_x,right_elbow_y,right_elbow_z,right_elbow_v,left_wrist_x,left_wrist_y,left_wrist_z,left_wrist_v,right_wrist_x,right_wrist_y,right_wrist_z,right_wrist_v,left_hip_x,left_hip_y,left_hip_z,left_hip_v,right_hip_x,right_hip_y,right_hip_z,right_hip_v,left_knee_x,left_knee_y,left_knee_z,left_knee_v,right_knee_x,right_knee_y,right_knee_z,right_knee_v,left_ankle_x,left_ankle_y,left_ankle_z,left_ankle_v,right_ankle_x,right_ankle_y,right_ankle_z,right_ankle_v,left_heel_x,left_heel_y,left_heel_z,left_heel_v,right_heel_x,right_heel_y,right_heel_z,right_heel_v,left_foot_index_x,left_foot_index_y,left_foot_index_z,left_foot_index_v,right_foot_index_x,right_foot_index_y,right_foot_index_z,right_foot_index_v
C,0.9265566468238831,0.2767268717288971,-0.17748647928237915,0.9994069337844849,0.761284589767456,0.2702077627182007,0.2711215317249298,0.9990746974945068,0.7754880785942078,0.3137635290622711,-0.4740239083766937,0.9998806715011597,0.7330538630485535,0.5930777192115784,0.30357542634010315,0.39931419491767883,0.7503304481506348,0.6500078439712524,-0.5371677875518799,0.9918150901794434,0.7321119904518127,0.8462052345275879,0.1031755805015564,0.5194123983383179,0.7475247979164124,0.943646252155304,-0.49391305446624756,0.9887673258781433,0.4869431257247925,0.3946830630302429,0.23988886177539825,0.996722400188446,0.48427364230155945,0.4331267178058624,-0.23986704647541046,0.9971142411231995,0.25880640745162964,0.5384185314178467,0.4089645445346832,0.31131136417388916,0.25063246488571167,0.5501482486724854,-0.07531620562076569,0.9820632934570312,0.06965059787034988,0.7203646898269653,0.6495911478996277,0.7280398607254028,0.050569403916597366,0.7339370250701904,0.13545933365821838,0.9909701943397522,0.03260169178247452,0.7239609360694885,0.6681802272796631,0.8166450262069702,0.011715082451701164,0.7367060780525208,0.14442196488380432,0.9858977198600769,0.06409719586372375,0.8825493454933167,0.5527233481407166,0.870926558971405,0.047869063913822174,0.9031026363372803,-0.03292158246040344,0.984847903251648
C,0.9176609516143799,0.30203911662101746,0.028257615864276886,0.9996026754379272,0.7795337438583374,0.1679798811674118,0.3972904682159424,0.9981628656387329,0.8314951062202454,0.24576449394226074,-0.31455010175704956,0.9999244809150696,0.737264096736908,0.4852310121059418,0.4523094892501831,0.19565138220787048,0.8066465854644775,0.592296838760376,-0.40047183632850647,0.9963324069976807,0.7451483011245728,0.7681789398193359,0.32012099027633667,0.3230786621570587,0.8053750395774841,0.9258148074150085,-0.321978896856308,0.9916223883628845,0.5106227397918701,0.38316649198532104,0.20722924172878265,0.9925392866134644,0.5282978415489197,0.4493173658847809,-0.20735260844230652,0.9952437877655029,0.3126685917377472,0.6091554760932922,0.22353136539459229,0.34921273589134216,0.3152000308036804,0.6670065522193909,-0.18912798166275024,0.9687052369117737,0.08574318140745163,0.7000361084938049,0.3364279568195343,0.6343996524810791,0.08479660004377365,0.7747278809547424,-0.1299031525850296,0.9776378870010376,0.03991782292723656,0.6691960692405701,0.3401626944541931,0.7510173320770264,0.030921440571546555,0.7355042695999146,-0.13193559646606445,0.9727101922035217,0.08006177097558975,0.8741482496261597,0.23870505392551422,0.7907903790473938,0.0764843001961708,0.9304157495498657,-0.2785438597202301,0.9682247042655945
C,0.8944758772850037,0.4292909801006317,-0.015660585835576057,0.9992225766181946,0.7557514309883118,0.4881240129470825,0.3132633864879608,0.9967090487480164,0.794967532157898,0.5516546964645386,-0.24291101098060608,0.9991416931152344,0.765390932559967,0.8601053357124329,0.3038063049316406,0.4812483489513397,0.7944929003715515,0.9473525881767273,-0.2526017427444458,0.9610447287559509,0.8961278200149536,0.8970353603363037,0.19530092179775238,0.6420677900314331,0.9316626191139221,0.932351291179657,-0.1771320402622223,0.9741358160972595,0.5162938237190247,0.6361156105995178,0.17518512904644012,0.9981345534324646,0.5298846364021301,0.68662029504776,-0.17519980669021606,0.997417688369751,0.2903749644756317,0.739535391330719,0.1825103610754013,0.2782646119594574,0.28997623920440674,0.7522639632225037,-0.16628748178482056,0.9181177616119385,0.0758705660700798,0.7727614045143127,0.2614503502845764,0.54063481092453,0.06704080104827881,0.781842052936554,-0.10955663025379181,0.922489583492279,0.046183500438928604,0.7421322464942932,0.2650042772293091,0.7266361117362976,0.03741338104009628,0.7400241494178772,-0.10603798925876617,0.9105070233345032,0.04013899341225624,0.9313225150108337,0.167900949716568,0.6872840523719788,0.029242804273962975,0.9366070032119751,-0.2321174442768097,0.9069687128067017
C,0.03862415999174118,0.23956331610679626,-0.19916720688343048,0.9998210072517395,0.171401247382164,0.28628331422805786,-0.4836498498916626,0.9999147653579712,0.20218805968761444,0.22476491332054138,0.23976370692253113,0.9996904730796814,0.1813223958015442,0.6177659034729004,-0.5592702031135559,0.9918714165687561,0.2124405950307846,0.5550020337104797,0.23773105442523956,0.35807713866233826,0.19689591228961945,0.9164547920227051,-0.5224681496620178,0.9689538478851318,0.22518490254878998,0.8370486497879028,0.054942402988672256,0.35968127846717834,0.4731847941875458,0.4149484634399414,-0.2377905696630478,0.9964166879653931,0.467062771320343,0.3682234585285187,0.2377627044916153,0.9941156506538391,0.7017769813537598,0.5919198989868164,-0.15954704582691193,0.9276005029678345,0.70064377784729,0.5631442070007324,0.32257550954818726,0.18272548913955688,0.9219918847084045,0.7637979388237,-0.022419650107622147,0.9815666675567627,0.9054486751556396,0.7415202260017395,0.49019908905029297,0.7029486298561096,0.9679620265960693,0.7583189606666565,-0.019738100469112396,0.9812784790992737,0.9508804678916931,0.7432720065116882,0.5000008940696716,0.8417413234710693,0.9007428884506226,0.9334955215454102,-0.19342759251594543,0.9776511192321777,0.8862252831459045,0.9084203839302063,0.36369720101356506,0.8743669390678406
C,0.06651777029037476,0.2763887643814087,0.29401248693466187,0.9999622106552124,0.1005614846944809,0.20165526866912842,0.011557204648852348,0.9999611377716064,0.19350767135620117,0.19347934424877167,0.5173019766807556,0.9986215829849243,0.08440382033586502,0.7770732045173645,0.09491236507892609,0.99396151304245,0.20697133243083954,0.6310120224952698,0.6273164749145508,0.3548933267593384,-0.01820630393922329,0.740736722946167,0.37992215156555176,0.8977717161178589,0.11271920055150986,0.6754111051559448,0.6068230867385864,0.36599743366241455,0.3736394941806793,0.3762878179550171,-0.15005141496658325,0.999889612197876,0.41112780570983887,0.29159727692604065,0.14965113997459412,0.9996774196624756,0.6505173444747925,0.579179584980011,-0.27844372391700745,0.9702301025390625,0.656006932258606,0.5152478218078613,0.00726121524348855,0.4373835325241089,0.9390413761138916,0.6944235563278198,-0.4378742277622223,0.9430307149887085,0.9304733872413635,0.6422567367553711,-0.14032937586307526,0.6194214820861816,0.9796375036239624,0.6596249341964722,-0.45326152443885803,0.9059674143791199,0.9737327694892883,0.6138783693313599,-0.16122017800807953,0.6871463656425476,0.9768332242965698,0.9762611389160156,-0.5479163527488708,0.936880886554718,0.963618814945221,0.9051554799079895,-0.24556033313274384,0.7750908136367798
C,0.053719278424978256,0.42735934257507324,-0.04000260680913925,0.99985671043396,0.18245956301689148,0.39238440990448,-0.3107941150665283,0.9995329976081848,0.21339546144008636,0.33828243613243103,0.32382065057754517,0.9958378672599792,0.22630459070205688,0.8885042071342468,-0.2952245771884918,0.9776999950408936,0.24339526891708374,0.7867863774299622,0.3548755347728729,0.23206640779972076,0.08632165938615799,0.895138144493103,-0.13558164238929749,0.9714376330375671,0.12551823258399963,0.8365561962127686,0.23045013844966888,0.30448293685913086,0.46505746245384216,0.4611905515193939,-0.18721185624599457,0.9980515241622925,0.4714307487010956,0.4075268507003784,0.18754838407039642,0.9969251751899719,0.7027797102928162,0.5754236578941345,-0.1655004620552063,0.8707801103591919,0.698606014251709,0.539093017578125,0.1820855438709259,0.18035058677196503,0.9410535097122192,0.6644603610038757,-0.1006925106048584,0.8727909922599792,0.9162163734436035,0.6398623585700989,0.25500085949897766,0.4124925136566162,0.9839751124382019,0.6347660422325134,-0.09873596578836441,0.9250954389572144,0.9669210314750671,0.6146864295005798,0.2577972114086151,0.6029348373413086,0.9299885034561157,0.9451087713241577,-0.2122853696346283,0.8467996716499329,0.9171397686004639,0.906482458114624,0.15847563743591309,0.5549082159996033
C,0.07782241702079773,0.5386171340942383,-0.09647081792354584,0.9974149465560913,0.19960883259773254,0.28707268834114075,-0.27682340145111084,0.9951469898223877,0.19629745185375214,0.30308544635772705,0.1652420163154602,0.9903297424316406,0.3752819895744324,0.3843926787376404,-0.25085484981536865,0.9011532068252563,0.34578514099121094,0.40904486179351807,0.22315163910388947,0.044015564024448395,0.3544541597366333,0.8984388709068298,-0.1278030276298523,0.7072432637214661,0.3474031686782837,0.8110071420669556,0.13504301011562347,0.04746208339929581,0.4793761372566223,0.35557660460472107,-0.12717165052890778,0.9875563383102417,0.468710333108902,0.3899374306201935,0.12723290920257568,0.9791483283042908,0.7073988318443298,0.4678782820701599,-0.07585901767015457,0.9163113832473755,0.6962465643882751,0.4942936897277832,0.14545612037181854,0.44855326414108276,0.9131507873535156,0.6253356337547302,0.017465656623244286,0.9419177174568176,0.895439088344574,0.611237108707428,0.23237957060337067,0.6418479084968567,0.9408203363418579,0.5632570385932922,0.021837355569005013,0.9316965937614441,0.9212184548377991,0.5637556314468384,0.23410683870315552,0.5874057412147522,0.973568320274353,0.8763437867164612,-0.09489379823207855,0.939586341381073,0.9446682333946228,0.8192304968833923,0.13949798047542572,0.7539284229278564
C,0.11479490995407104,0.48106253147125244,-0.3392632007598877,0.9997259974479675,0.2877582013607025,0.2938338816165924,-0.4934428036212921,0.9986476898193359,0.20687808096408844,0.2659316956996918,-0.0837932750582695,0.993606448173523,0.30416572093963623,0.8915274143218994,-0.5496083498001099,0.9865462183952332,0.19142629206180573,0.7615331411361694,-0.02452884614467621,0.39353805780410767,0.14126409590244293,0.9458582401275635,-0.5653972625732422,0.9898520708084106,0.08674056828022003,0.9001350402832031,-0.16697704792022705,0.6790310740470886,0.5745171904563904,0.28860902786254883,-0.1271037459373474,0.9992569088935852,0.5292469263076782,0.2639816999435425,0.12671492993831635,0.9974861741065979,0.7585296630859375,0.44109341502189636,0.09013605862855911,0.9410277605056763,0.7016421556472778,0.4018658995628357,0.3612683117389679,0.28827613592147827,0.9522077441215515,0.5226374268531799,0.29947176575660706,0.9243058562278748,0.8480730056762695,0.5118467807769775,0.6200366020202637,0.37565863132476807,0.9845486879348755,0.4999658167362213,0.31392180919647217,0.8982515335083008,0.8942091464996338,0.5009839534759521,0.6489631533622742,0.5296717286109924,0.9124908447265625,0.7412846088409424,0.23091746866703033,0.8363766074180603,0.8598143458366394,0.7365431189537048,0.638701319694519,0.5653406977653503
C,0.0666033998131752,0.40225082635879517,-0.13098222017288208,0.999747633934021,0.1986992359161377,0.39140909910202026,-0.39642441272735596,0.9994210600852966,0.2213754951953888,0.3734803795814514,0.2704354524612427,0.9951743483543396,0.19871214032173157,0.8777835369110107,-0.40904220938682556,0.9866758584976196,0.21074829995632172,0.8288630843162537,0.30936199426651,0.2816557288169861,0.06662809103727341,0.8579474687576294,-0.25238391757011414,0.9693743586540222,0.0782669261097908,0.8246407508850098,0.1918010413646698,0.2463354766368866,0.4971686601638794,0.39450603723526,-0.20371383428573608,0.9960477352142334,0.5007389187812805,0.39164143800735474,0.20412728190422058,0.9957800507545471,0.7240931391716003,0.5320776104927063,-0.14060549437999725,0.9444801211357117,0.7227737903594971,0.5307881832122803,0.24584898352622986,0.43962934613227844,0.9370232820510864,0.7201201915740967,-0.031396035104990005,0.9525471329689026,0.9331562519073486,0.709435224533081,0.36764001846313477,0.729216992855072,0.9737353324890137,0.6907898783683777,-0.02509882114827633,0.9635106325149536,0.970282256603241,0.664890468120575,0.3742360770702362,0.7680726647377014,0.9745082855224609,0.8558001518249512,-0.15360338985919952,0.9362342357635498,0.9645086526870728,0.8691766262054443,0.25929632782936096,0.8136866092681885
C,0.05273433029651642,0.5958414673805237,-0.10584315657615662,0.9999136924743652,0.19019152224063873,0.6008737087249756,-0.38209185004234314,0.9997692704200745,0.20954829454421997,0.5860072374343872,0.2888438403606415,0.9985827803611755,0.18646103143692017,0.8700715899467468,-0.38161295652389526,0.9927321076393127,0.19774208962917328,0.8385140299797058,0.3496280610561371,0.5667922496795654,0.056217845529317856,0.8514090180397034,-0.19671285152435303,0.9761465191841125,0.06779942661523819,0.8410208225250244,0.2772139608860016,0.39618995785713196,0.491549015045166,0.5952011346817017,-0.19962984323501587,0.9981275796890259,0.4929620921611786,0.5922311544418335,0.2000412493944168,0.9982354044914246,0.7122345566749573,0.6776536107063293,-0.14135834574699402,0.9091477990150452,0.7121270298957825,0.6755689978599548,0.24461686611175537,0.3399040699005127,0.9232531189918518,0.7825033664703369,-0.03244074434041977,0.9050174355506897,0.9205759763717651,0.7722883820533752,0.35915255546569824,0.6105616092681885,0.9631285667419434,0.7997978329658508,-0.025315672159194946,0.9461272954940796,0.9610020518302917,0.7887486219406128,0.3661816716194153,0.7137157917022705,0.9573418498039246,0.84720379114151,-0.13779838383197784,0.8855221271514893,0.9479224681854248,0.8465330004692078,0.25576189160346985,0.7126973867416382
C,0.08719971776008606,0.3437538743019104,-0.05941470339894295,0.9998872876167297,0.21302379667758942,0.2608409523963928,-0.35088005661964417,0.9997729659080505,0.23090198636054993,0.2544986605644226,0.28945615887641907,0.9995185136795044,0.24287930130958557,0.6337544322013855,-0.42227303981781006,0.9911870956420898,0.2582511603832245,0.6027323007583618,0.29841819405555725,0.39150452613830566,0.22534134984016418,0.9535988569259644,-0.4087585508823395,0.9808042049407959,0.2500648498535156,0.917095959186554,0.12190389633178711,0.43189504742622375,0.48350268602371216,0.4553823471069336,-0.19047537446022034,0.9933463931083679,0.48818767070770264,0.43645238876342773,0.1904304325580597,0.991748571395874,0.7173743844032288,0.6412090063095093,-0.16918876767158508,0.8654605746269226,0.7150270342826843,0.6213740706443787,0.1971033811569214,0.18941131234169006,0.9408960342407227,0.7462846040725708,-0.05153873562812805,0.8969674706459045,0.9298344254493713,0.7355142831802368,0.30357587337493896,0.4304210841655731,0.9811623096466064,0.7404903173446655,-0.04862486943602562,0.928993821144104,0.9751409888267517,0.7395923733711243,0.30699899792671204,0.6333171725273132,0.9113411903381348,0.9295397400856018,-0.19657547771930695,0.8814905285835266,0.904583215713501,0.9151609539985657,0.16600681841373444,0.6089910268783569
C,0.10898571461439133,0.44957229495048523,-0.08764828741550446,0.9998645186424255,0.23056551814079285,0.37760651111602783,-0.32856330275535583,0.9995266199111938,0.2442684769630432,0.32292258739471436,0.2590537369251251,0.9930845499038696,0.2315996289253235,0.9154507517814636,-0.37358295917510986,0.9905275106430054,0.24032701551914215,0.8172987103462219,0.28770530223846436,0.1776704341173172,0.08652017265558243,0.9160264730453491,-0.2804943919181824,0.9768381714820862,0.09891493618488312,0.853381872177124,0.1691035032272339,0.2157839983701706,0.5009820461273193,0.34390875697135925,-0.17823150753974915,0.997490406036377,0.4996579885482788,0.29482191801071167,0.17842212319374084,0.9950939416885376,0.7315320372581482,0.4250197410583496,-0.1356237232685089,0.8748835325241089,0.7202271819114685,0.3853929042816162,0.20451615750789642,0.18229547142982483,0.9434831738471985,0.5402155518531799,-0.08371897041797638,0.8719804286956787,0.9132370352745056,0.5126201510429382,0.2936289310455322,0.3935716152191162,0.9838666319847107,0.49974286556243896,-0.08547988533973694,0.9167999029159546,0.9570742845535278,0.47952935099601746,0.29790744185447693,0.6091887950897217,0.9284437894821167,0.8621594905853271,-0.21843263506889343,0.8013480305671692,0.9106268882751465,0.809190034866333,0.19859084486961365,0.524426281452179
C,0.9210834503173828,0.2711874842643738,0.021999886259436607,0.9999779462814331,0.7764018177986145,0.21965427696704865,0.41836076974868774,0.9996222257614136,0.8251192569732666,0.2418409287929535,-0.18703946471214294,0.9999884366989136,0.7742459774017334,0.5443788766860962,0.417462557554245,0.5936203598976135,0.8370344042778015,0.6026126146316528,-0.29109618067741394,0.9970664978027344,0.7750815153121948,0.8336485624313354,0.2680158317089081,0.6684129238128662,0.8284522891044617,0.9383487701416016,-0.29557254910469055,0.9942612051963806,0.5318647027015686,0.28631073236465454,0.18505892157554626,0.9976425170898438,0.552395761013031,0.31981030106544495,-0.1849156618118286,0.9990848302841187,0.3179284632205963,0.5062107443809509,0.1901908963918686,0.23677870631217957,0.3257175087928772,0.5473388433456421,-0.17526844143867493,0.9854544401168823,0.10017327219247818,0.7374167442321777,0.2551594078540802,0.5907127857208252,0.08395137637853622,0.7734591960906982,-0.14598487317562103,0.9914005994796753,0.04587048292160034,0.7634330987930298,0.25486645102500916,0.7050965428352356,0.03853282332420349,0.7865995764732361,-0.15359467267990112,0.9879986643791199,0.1334431767463684,0.913882851600647,0.13501664996147156,0.7961602210998535,0.12300458550453186,0.9451876878738403,-0.30860501527786255,0.986780047416687
C,0.9343101978302002,0.2934625744819641,-0.11722124367952347,0.9987130165100098,0.781595766544342,0.21190164983272552,0.2540155351161957,0.9976481199264526,0.7979294657707214,0.2651875913143158,-0.40018653869628906,0.9997864365577698,0.7742640972137451,0.5390915870666504,0.2773703932762146,0.3248889148235321,0.7898825407028198,0.6122000217437744,-0.48390495777130127,0.9919942021369934,0.7917921543121338,0.8023724555969238,0.10131679475307465,0.4243391454219818,0.8131702542304993,0.9487236738204956,-0.4774043560028076,0.9894927144050598,0.5182235836982727,0.3615322709083557,0.2036609947681427,0.9900421500205994,0.5196448564529419,0.39672166109085083,-0.20360927283763885,0.9927910566329956,0.307037353515625,0.5423263311386108,0.25193896889686584,0.23742346465587616,0.3043672740459442,0.5723004341125488,-0.1478433907032013,0.962273895740509,0.09708452969789505,0.6659038066864014,0.393004447221756,0.5869166851043701,0.07905422151088715,0.6905773878097534,-0.04799870029091835,0.9823498129844666,0.05841139331459999,0.6419661641120911,0.4004105031490326,0.7358688116073608,0.03632509335875511,0.6542483568191528,-0.04963298514485359,0.9801390171051025,0.08735926449298859,0.8599324226379395,0.2962473928928375,0.7717456817626953,0.06040428578853607,0.8918092846870422,-0.21022655069828033,0.9698255062103271
C,0.9000290036201477,0.34972265362739563,-0.2599579989910126,0.9995471835136414,0.7680602669715881,0.21585334837436676,0.06620749831199646,0.998887300491333,0.7251752018928528,0.2930881679058075,-0.44514623284339905,0.9998847246170044,0.7184495329856873,0.483807772397995,0.14187191426753998,0.38464558124542236,0.6831012964248657,0.5965130925178528,-0.48213285207748413,0.9955466985702515,0.7127912640571594,0.7032496929168701,0.03485271707177162,0.5555027723312378,0.6524607539176941,0.8712372183799744,-0.44441497325897217,0.9936845302581787,0.46793869137763977,0.2134069949388504,0.16071730852127075,0.9957081079483032,0.42418572306632996,0.22484439611434937,-0.16051003336906433,0.9971940517425537,0.3036348819732666,0.3341195285320282,0.41902923583984375,0.5255951881408691,0.23320132493972778,0.35103899240493774,0.11168556660413742,0.9840443134307861,0.16879263520240784,0.41927099227905273,0.6824443340301514,0.7886031866073608,0.06774196773767471,0.4791088402271271,0.3327459692955017,0.9919612407684326,0.12626679241657257,0.4299171268939972,0.7069622278213501,0.8481608033180237,0.03101862035691738,0.4704340696334839,0.3451865613460541,0.9892988204956055,0.18887460231781006,0.5802503228187561,0.667930543422699,0.8936803936958313,0.09307413548231125,0.6374009251594543,0.2475154548883438,0.9859415292739868
C,0.9160742163658142,0.32219645380973816,-0.017636844888329506,0.9993867874145508,0.7778602242469788,0.26473015546798706,0.2909943461418152,0.9988061189651489,0.7879177331924438,0.2754855155944824,-0.26878878474235535,0.9998670816421509,0.774179220199585,0.5946652293205261,0.28769582509994507,0.447413831949234,0.7897103428840637,0.6251615881919861,-0.34053167700767517,0.9254269003868103,0.7929855585098267,0.8590834140777588,0.14289960265159607,0.5196282267570496,0.8113802075386047,0.9365159273147583,-0.33049944043159485,0.9206639528274536,0.5304825901985168,0.44134384393692017,0.16878971457481384,0.9929477572441101,0.5326343774795532,0.4560849964618683,-0.1686842441558838,0.9962655901908875,0.31190308928489685,0.61951744556427,0.20094285905361176,0.31795579195022583,0.30440470576286316,0.6329489946365356,-0.12584877014160156,0.9600569009780884,0.1267976611852646,0.7581766843795776,0.2898682951927185,0.6091133952140808,0.0990050733089447,0.7971267104148865,-0.05969788506627083,0.9713882803916931,0.07110635936260223,0.7737192511558533,0.29569607973098755,0.7507434487342834,0.048296552151441574,0.8029276132583618,-0.06255381554365158,0.9735474586486816,0.14305949211120605,0.9191123843193054,0.1840498298406601,0.7636120915412903,0.12943066656589508,0.9428189992904663,-0.20531554520130157,0.9568133354187012
C,0.9032763242721558,0.3282698094844818,-0.05012783035635948,0.9998242855072021,0.7732581496238708,0.23479396104812622,0.22462020814418793,0.9981676936149597,0.7888374328613281,0.2621902525424957,-0.25051558017730713,0.9998291730880737,0.7738109230995178,0.5815789103507996,0.2506349980831146,0.5027280449867249,0.7913773059844971,0.6200195550918579,-0.3058067858219147,0.9900231957435608,0.7919836640357971,0.846381425857544,0.14927488565444946,0.4837140738964081,0.8095038533210754,0.9345135688781738,-0.25795620679855347,0.977567732334137,0.48659050464630127,0.3190036416053772,0.13607734441757202,0.9949653148651123,0.480865478515625,0.3354780673980713,-0.1358993798494339,0.9974764585494995,0.26330214738845825,0.5513909459114075,0.1605484038591385,0.2958815395832062,0.2500620484352112,0.5624586343765259,-0.08697965741157532,0.9662033915519714,0.06134161725640297,0.7211727499961853,0.26063698530197144,0.551519513130188,0.03250326216220856,0.7414190769195557,-0.012245147489011288,0.9716706871986389,0.026725973933935165,0.7070147395133972,0.26521676778793335,0.6848552823066711,7.633359200553969e-05,0.7291483283042908,-0.015366640873253345,0.9679135084152222,0.06585662066936493,0.8833444118499756,0.16268190741539001,0.7387089729309082,0.04510908201336861,0.9216007590293884,-0.1587228924036026,0.956538736820221
C,0.06217134743928909,0.5956903696060181,-0.07915826141834259,0.9819993376731873,0.2081209272146225,0.4718562066555023,-0.349596232175827,0.9979315400123596,0.21376711130142212,0.512378990650177,0.2632126212120056,0.9919173121452332,0.24543496966362,0.9351296424865723,-0.3067203462123871,0.937187135219574,0.24421663582324982,0.8912849426269531,0.28203147649765015,0.5162922739982605,0.11146125942468643,0.929293155670166,-0.06656097620725632,0.9491626620292664,0.11958008259534836,0.9147239327430725,0.17174650728702545,0.38731831312179565,0.48374584317207336,0.4924067556858063,-0.18295277655124664,0.9984411001205444,0.4785665273666382,0.49482524394989014,0.18318256735801697,0.9983529448509216,0.6977135539054871,0.6642979383468628,-0.14039207994937897,0.8872097730636597,0.6955529451370239,0.6381556391716003,0.1982356160879135,0.3974146544933319,0.9238682389259338,0.7928850054740906,-0.06181082874536514,0.9067509174346924,0.9033403992652893,0.7606390118598938,0.26994162797927856,0.6214345097541809,0.9696398973464966,0.7481968998908997,-0.05856192111968994,0.9279460310935974,0.9485417008399963,0.7330334782600403,0.2729492485523224,0.7367006540298462,0.9299789071083069,0.9493263959884644,-0.1605646312236786,0.8801277279853821,0.9137293696403503,0.9384925365447998,0.1909889280796051,0.7161950469017029
C,0.09612702578306198,0.48860859870910645,-0.042765676975250244,0.9995633959770203,0.19243091344833374,0.2286832183599472,-0.28427988290786743,0.9996660351753235,0.21234187483787537,0.11448479443788528,0.2692115008831024,0.9981298446655273,0.3537536561489105,0.38664138317108154,-0.27080073952674866,0.9643896818161011,0.3551191985607147,0.2613401710987091,0.338392049074173,0.08944586664438248,0.2980993688106537,0.8441887497901917,-0.09988871216773987,0.9228167533874512,0.3104099631309509,0.6865131258964539,0.24496608972549438,0.1337401568889618,0.4834064543247223,0.28379979729652405,-0.17562012374401093,0.9942532181739807,0.48598620295524597,0.18972939252853394,0.17598029971122742,0.9888727068901062,0.7271955013275146,0.45074227452278137,-0.15017175674438477,0.8891367316246033,0.7242208123207092,0.3993655741214752,0.17003954946994781,0.25529688596725464,0.9437575936317444,0.6010779738426208,-0.0811573788523674,0.9102632999420166,0.9276847839355469,0.5713176727294922,0.2287844866514206,0.45986855030059814,0.9891470670700073,0.5644121766090393,-0.0794946625828743,0.9349992871284485,0.97097247838974,0.5424585938453674,0.22790879011154175,0.5527253150939941,0.9369599223136902,0.9387534260749817,-0.18149735033512115,0.9064658880233765,0.9257976412773132,0.8973920941352844,0.1296101063489914,0.5976980924606323
C,0.9205830097198486,0.2725733518600464,-0.5478852391242981,0.9999745488166809,0.8086650371551514,0.29448798298835754,-0.09195814281702042,0.9996493458747864,0.7401065230369568,0.3341386020183563,-0.7451072931289673,0.9999645948410034,0.8109554648399353,0.5724735856056213,-0.014584198594093323,0.8116926550865173,0.7580758333206177,0.6454324722290039,-0.8533279299736023,0.9969078898429871,0.8465577960014343,0.820806086063385,-0.2154574990272522,0.9052040576934814,0.7827928066253662,0.929130494594574,-0.9223225712776184,0.9964045882225037,0.49805963039398193,0.4363533854484558,0.20899838209152222,0.9989362955093384,0.4593060314655304,0.4755841791629791,-0.20903164148330688,0.9997307658195496,0.3102172315120697,0.58884596824646,0.5628929734230042,0.7367274165153503,0.26403579115867615,0.6168075203895569,0.05392013490200043,0.9941442608833313,0.1393565833568573,0.6733413338661194,0.9663934707641602,0.9129263162612915,0.07361388206481934,0.7180087566375732,0.30934274196624756,0.9967225790023804,0.0962301567196846,0.680449903011322,1.004040002822876,0.9267837405204773,0.02870400995016098,0.7101230025291443,0.32281598448753357,0.9937757253646851,0.15110903978347778,0.8057485818862915,0.9276503324508667,0.9578959345817566,0.113278329372406,0.8562286496162415,0.15098412334918976,0.994706392288208
C,0.9115253686904907,0.27277088165283203,-0.037559229880571365,0.9786361455917358,0.7585268616676331,0.1966167539358139,0.2575873136520386,0.9839404821395874,0.7921543717384338,0.20098216831684113,-0.28984978795051575,0.98514324426651,0.7422602772712708,0.5274763107299805,0.27323535084724426,0.34959155321121216,0.7810067534446716,0.595134437084198,-0.357977956533432,0.946315586566925,0.7594158053398132,0.8096551895141602,0.18306048214435577,0.49103376269340515,0.7919319868087769,0.9252169728279114,-0.32953110337257385,0.9617651700973511,0.4958491921424866,0.4090593755245209,0.15735694766044617,0.9262346029281616,0.5011478662490845,0.4245859682559967,-0.15727292001247406,0.9306765198707581,0.2917243242263794,0.600394070148468,0.2186591923236847,0.514700710773468,0.2790079116821289,0.593511700630188,-0.07363653182983398,0.9418100118637085,0.09544988721609116,0.7357867360115051,0.354429692029953,0.7688077688217163,0.061655305325984955,0.7428464889526367,0.02653922513127327,0.9357331991195679,0.051569655537605286,0.7350708842277527,0.36316102743148804,0.8304142355918884,0.014106504619121552,0.7403275370597839,0.029622085392475128,0.9365109801292419,0.09863068908452988,0.8983056545257568,0.2749175727367401,0.8471173644065857,0.078962042927742,0.9127570390701294,-0.09349539130926132,0.9399728775024414
C,0.17198553681373596,0.34177955985069275,-1.0552475452423096,0.9982163310050964,0.2544495761394501,0.4058278203010559,-0.7267901301383972,0.9972108602523804,0.2761557400226593,0.41815516352653503,-0.6997384428977966,0.995643675327301,0.23190021514892578,0.6601635217666626,-0.6510667204856873,0.5325145721435547,0.22006350755691528,0.5134389996528625,-0.624094545841217,0.2775275707244873,0.07767108082771301,0.8479399681091309,-0.7124018669128418,0.9214509129524231,0.10756392776966095,0.5617382526397705,-0.6569032669067383,0.6591904759407043,0.35376328229904175,0.5056166052818298,-0.0040082321502268314,0.9945265650749207,0.3169249892234802,0.5227869749069214,0.004165134858340025,0.9947572350502014,0.5872912406921387,0.534168004989624,-0.03572418540716171,0.729565441608429,0.554720401763916,0.5855095982551575,-0.028062939643859863,0.8040756583213806,0.8412647247314453,0.608726978302002,0.10910145938396454,0.9291197061538696,0.7537534236907959,0.6411092877388,0.10603626072406769,0.9208819270133972,0.8754186034202576,0.7018250226974487,0.11723027378320694,0.919671893119812,0.7831504940986633,0.6381685137748718,0.11455904692411423,0.9148985147476196,0.9231424927711487,0.540688157081604,-0.10143865644931793,0.9119982123374939,0.8381676077842712,0.5657146573066711,-0.12258728593587875,0.8759879469871521
C,0.05188784375786781,0.3054076135158539,-0.05305161699652672,0.999803364276886,0.2030913531780243,0.34140563011169434,-0.3213227689266205,0.9997362494468689,0.22256650030612946,0.33762022852897644,0.2658262252807617,0.998932957649231,0.20245090126991272,0.6712244153022766,-0.39181840419769287,0.9713228344917297,0.22679011523723602,0.6355913877487183,0.27440330386161804,0.43537700176239014,0.1895272433757782,0.9556875824928284,-0.42596787214279175,0.9868635535240173,0.21684229373931885,0.9058611392974854,0.15369471907615662,0.4831586182117462,0.4808366000652313,0.5176465511322021,-0.18286330997943878,0.9972798228263855,0.48310598731040955,0.49758777022361755,0.1828831285238266,0.9935256242752075,0.6970291137695312,0.6924611330032349,-0.1738821268081665,0.8937116861343384,0.6959428787231445,0.6709137558937073,0.19273892045021057,0.15315963327884674,0.9256330132484436,0.8302009701728821,-0.10422049462795258,0.9532138109207153,0.8942113518714905,0.8104503154754639,0.2875479459762573,0.4546578824520111,0.9791571497917175,0.8201438784599304,-0.10444820672273636,0.9648151993751526,0.9443675875663757,0.8055160641670227,0.2904355227947235,0.6570149064064026,0.9302909970283508,0.964142918586731,-0.25228744745254517,0.9455697536468506,0.9075615406036377,0.9447258710861206,0.15878507494926453,0.6947353482246399
C,0.9318245053291321,0.4054357707500458,-0.12363338470458984,0.9984824061393738,0.7739281058311462,0.3759984076023102,0.2585473954677582,0.9903300404548645,0.7897166013717651,0.49713394045829773,-0.38359564542770386,0.9977148771286011,0.7714966535568237,0.8265976309776306,0.2278321236371994,0.3783373534679413,0.776698648929596,0.9411542415618896,-0.4448939263820648,0.8950929045677185,0.9163313508033752,0.9031133651733398,0.0335933081805706,0.4028962552547455,0.9038334488868713,0.9821093082427979,-0.37326115369796753,0.864277184009552,0.48639366030693054,0.4609616994857788,0.21649914979934692,0.9967166185379028,0.48216933012008667,0.5573977828025818,-0.21645638346672058,0.9962172508239746,0.265435129404068,0.6302776336669922,0.2803886830806732,0.21054425835609436,0.2602651119232178,0.6695461273193359,-0.12125524133443832,0.8589379787445068,0.057110149413347244,0.702424168586731,0.4389324486255646,0.42822757363319397,0.04394898936152458,0.7541458606719971,0.015912629663944244,0.8998895287513733,0.016500845551490784,0.6840981245040894,0.44913560152053833,0.5743525624275208,0.0016719107516109943,0.7390258312225342,0.019509511068463326,0.9128351807594299,0.07317288964986801,0.9127315878868103,0.3486957550048828,0.5969968438148499,0.06672386825084686,0.9520620107650757,-0.1288662999868393,0.8861507177352905
C,0.9271836876869202,0.2903737425804138,-0.0038969716988503933,0.9996436238288879,0.7911499738693237,0.20847702026367188,0.310080885887146,0.9971238970756531,0.8224334716796875,0.27659764885902405,-0.24818892776966095,0.9994800090789795,0.7738397121429443,0.5242266058921814,0.36044666171073914,0.448943167924881,0.8186670541763306,0.6308858394622803,-0.33044496178627014,0.9831612706184387,0.7897522449493408,0.7833712697029114,0.22213053703308105,0.5488542914390564,0.838218629360199,0.9593868851661682,-0.3350173532962799,0.9730522632598877,0.48981165885925293,0.20238037407398224,0.16789433360099792,0.9988424777984619,0.49297288060188293,0.2316206991672516,-0.16767659783363342,0.9990692138671875,0.27589911222457886,0.45705509185791016,0.18435867130756378,0.23654426634311676,0.2722817659378052,0.4768942594528198,-0.10545773059129715,0.9756280183792114,0.08252495527267456,0.6798088550567627,0.2625856399536133,0.5631908774375916,0.06781455129384995,0.7001386880874634,-0.05043286085128784,0.9813628792762756,0.04222819581627846,0.688308596611023,0.2656075358390808,0.6907904148101807,0.030294250696897507,0.703889012336731,-0.055689968168735504,0.9791461229324341,0.0942043736577034,0.8602510094642639,0.15757779777050018,0.7625135183334351,0.08113150298595428,0.8863652944564819,-0.19282987713813782,0.9726558923721313
C,0.09372468292713165,0.5619657635688782,-0.08842766284942627,0.9969877600669861,0.20650537312030792,0.35845956206321716,-0.2654227614402771,0.9955688714981079,0.20222607254981995,0.36435577273368835,0.15525369346141815,0.9932158589363098,0.36965832114219666,0.4429161250591278,-0.22467929124832153,0.8848636150360107,0.33458155393600464,0.44489893317222595,0.22151267528533936,0.06541088223457336,0.346808522939682,0.8453521132469177,-0.08708572387695312,0.6801003813743591,0.33227476477622986,0.7493323087692261,0.14440037310123444,0.08349118381738663,0.46869343519210815,0.41458427906036377,-0.12143370509147644,0.9901819229125977,0.4601782262325287,0.4174646735191345,0.12150751054286957,0.9843197464942932,0.6748567819595337,0.504532516002655,-0.07582881301641464,0.9209379553794861,0.6637685894966125,0.5121729373931885,0.1364767700433731,0.45763471722602844,0.8662420511245728,0.6327881217002869,0.007075626403093338,0.9413864016532898,0.8532445430755615,0.6146674156188965,0.21270444989204407,0.6384803056716919,0.8931223750114441,0.576592743396759,0.011181865818798542,0.9328489303588867,0.875896692276001,0.5696769952774048,0.21433822810649872,0.6041077971458435,0.9228946566581726,0.8311753869056702,-0.08565472066402435,0.9361088871955872,0.8950342535972595,0.7934740781784058,0.13671790063381195,0.7454653382301331
C,0.5796483159065247,0.44706955552101135,0.35411494970321655,0.999120831489563,0.6245200634002686,0.4901297688484192,0.32123106718063354,0.9997634291648865,0.5611451268196106,0.46622326970100403,0.2435205578804016,0.9999807476997375,0.7031254172325134,0.6050968170166016,0.3226175904273987,0.32139137387275696,0.49268949031829834,0.5091856718063354,0.2093850076198578,0.9563164710998535,0.7257015109062195,0.7098066806793213,0.3281782269477844,0.36372968554496765,0.37981992959976196,0.6084567904472351,0.2380531132221222,0.9898538589477539,0.7109043002128601,0.4652893543243408,0.03017618879675865,0.9999975562095642,0.6795441508293152,0.4829183518886566,-0.03060999885201454,0.9999966621398926,0.8017292618751526,0.4669562876224518,-0.12201014906167984,0.9441918134689331,0.725196897983551,0.579654335975647,-0.10868960618972778,0.983551561832428,0.7543596029281616,0.5737549066543579,-0.09461245685815811,0.8787373900413513,0.7129724621772766,0.7512019872665405,-0.16266745328903198,0.9432399868965149,0.7378734350204468,0.5786932110786438,-0.08843284845352173,0.93370521068573,0.7072216868400574,0.7544330358505249,-0.1665864735841751,0.9724273681640625,0.7468605637550354,0.7005079388618469,-0.08775636553764343,0.915518581867218,0.7286737561225891,0.8266931176185608,-0.18919266760349274,0.9562457203865051
C,0.13471479713916779,0.3534519076347351,-0.4182914197444916,0.9990392327308655,0.29870203137397766,0.38038477301597595,-0.6453226208686829,0.9996300935745239,0.24999335408210754,0.20586343109607697,-0.10258575528860092,0.9990339875221252,0.2877960503101349,0.6153750419616699,-0.6635600328445435,0.9887535572052002,0.24846014380455017,0.385997474193573,0.2127080261707306,0.16436126828193665,0.271395206451416,0.8044825196266174,-0.6064470410346985,0.9872694611549377,0.2166716605424881,0.5614453554153442,0.3167845904827118,0.5624393820762634,0.6083861589431763,0.391267865896225,-0.1797601729631424,0.999504029750824,0.5668826103210449,0.2838931679725647,0.17930781841278076,0.9982557892799377,0.7554528713226318,0.4427233934402466,0.32464906573295593,0.9549188017845154,0.7324261665344238,0.38662922382354736,0.666264533996582,0.39497101306915283,0.9198340773582458,0.4893164038658142,0.7884328961372375,0.9754781126976013,0.8739360570907593,0.4436011016368866,1.168607234954834,0.6173409223556519,0.9620203375816345,0.48759815096855164,0.832926869392395,0.9688763618469238,0.9154514670372009,0.4393374025821686,1.2255274057388306,0.7430956363677979,0.8676068782806396,0.5882307887077332,0.7651028633117676,0.9518555402755737,0.8482405543327332,0.5487194061279297,1.2187557220458984,0.7853295207023621
C,0.8204264640808105,0.356364905834198,-0.09746363759040833,0.9982090592384338,0.6972467303276062,0.28976279497146606,0.21540255844593048,0.9975146651268005,0.7084196209907532,0.3361705243587494,-0.34023505449295044,0.999751091003418,0.6938542723655701,0.5523722767829895,0.2322598099708557,0.3012705445289612,0.7032259106636047,0.6168129444122314,-0.41057270765304565,0.9654936790466309,0.7081209421157837,0.7633990049362183,0.0784991905093193,0.4016830027103424,0.7196958065032959,0.8823933005332947,-0.39693206548690796,0.9751461744308472,0.4809584319591522,0.4122592806816101,0.17490790784358978,0.9898561835289001,0.48107630014419556,0.44459742307662964,-0.17487601935863495,0.9924463033676147,0.3110608458518982,0.5560857653617859,0.22860316932201385,0.26682624220848083,0.30855756998062134,0.5796829462051392,-0.11935804039239883,0.946316123008728,0.14278259873390198,0.6526791453361511,0.35448387265205383,0.6112518310546875,0.12695495784282684,0.6683472990989685,-0.029830729588866234,0.972678542137146,0.11302511394023895,0.6376941204071045,0.36157217621803284,0.7545977830886841,0.09374881535768509,0.6449427008628845,-0.030571341514587402,0.9746294617652893,0.1382932960987091,0.8058804273605347,0.2789003252983093,0.785529375076294,0.11431208997964859,0.8342313170433044,-0.16171689331531525,0.9669246673583984
C,0.8739790916442871,0.3937291204929352,0.030748726800084114,0.9998130202293396,0.7488923668861389,0.35530033707618713,0.38665956258773804,0.9994429349899292,0.7930175065994263,0.37451040744781494,-0.1758556365966797,0.9999697208404541,0.743683397769928,0.580756425857544,0.39077121019363403,0.54462730884552,0.7997629642486572,0.6204668879508972,-0.26689302921295166,0.9960942268371582,0.7388411164283752,0.7843329310417175,0.24900341033935547,0.6580213904380798,0.7935299873352051,0.8584676384925842,-0.2631230056285858,0.9945797324180603,0.5310908555984497,0.402980238199234,0.1728331297636032,0.997157096862793,0.5487551093101501,0.4291662573814392,-0.17268161475658417,0.9985874891281128,0.34131738543510437,0.5602629780769348,0.18004706501960754,0.2280619889497757,0.347931444644928,0.5854125618934631,-0.15839780867099762,0.9835611581802368,0.15640324354171753,0.7161509990692139,0.24829484522342682,0.5717170238494873,0.13683496415615082,0.7462342977523804,-0.1255597025156021,0.9906142354011536,0.10060863196849823,0.7432712316513062,0.24884657561779022,0.7054336667060852,0.08962127566337585,0.7630785703659058,-0.13178324699401855,0.9879499077796936,0.18463623523712158,0.839905858039856,0.1421811878681183,0.7827281355857849,0.17470844089984894,0.8658987879753113,-0.2711159288883209,0.9854223132133484
C,0.5786999464035034,0.630595326423645,0.02174174226820469,0.9947403073310852,0.5751858353614807,0.6948539614677429,-0.029379289597272873,0.9997586607933044,0.5395358800888062,0.6781126260757446,0.17986144125461578,0.9984208941459656,0.6938579678535461,0.758592963218689,-0.15102438628673553,0.9934120178222656,0.5025420188903809,0.7465922832489014,0.17560763657093048,0.18357118964195251,0.8164988160133362,0.8287225365638733,-0.14452341198921204,0.9948978424072266,0.49608349800109863,0.788642168045044,0.08614013344049454,0.20071008801460266,0.42228978872299194,0.6255511045455933,-0.08223743736743927,0.9999738335609436,0.39234569668769836,0.61409991979599,0.08162403851747513,0.9999706149101257,0.28469493985176086,0.5875293612480164,-0.11127928644418716,0.9963580965995789,0.28563758730888367,0.5450500249862671,0.19328321516513824,0.9533695578575134,0.28536468744277954,0.8689185976982117,-0.024758119136095047,0.9865608811378479,0.22585445642471313,0.542772650718689,0.2408885359764099,0.9564629793167114,0.3004925847053528,0.9054642915725708,-0.004973330534994602,0.9890191555023193,0.2182345986366272,0.6173977255821228,0.2457842230796814,0.9677950143814087,0.23857460916042328,0.9150021076202393,0.04067568480968475,0.9882853031158447,0.17619267106056213,0.5013115406036377,0.24798816442489624,0.9568169713020325
C,0.6552538275718689,0.4546606242656708,-0.006318944040685892,0.9990016222000122,0.5564476251602173,0.4460529386997223,0.16775667667388916,0.9960253834724426,0.5892244577407837,0.4740940034389496,-0.1387241631746292,0.999601423740387,0.5602847337722778,0.668234646320343,0.18076352775096893,0.5926852822303772,0.5943857431411743,0.6833746433258057,-0.16402561962604523,0.9559618830680847,0.5617169737815857,0.8574243783950806,0.12151971459388733,0.5153777003288269,0.6079390645027161,0.8944295644760132,-0.14888080954551697,0.9405577182769775,0.39066120982170105,0.5285959839820862,0.08135174959897995,0.9965159296989441,0.3996518552303314,0.5490173101425171,-0.0813148096203804,0.9978792667388916,0.2617330849170685,0.6897715330123901,0.09767923504114151,0.49805790185928345,0.25971871614456177,0.697289228439331,-0.05191867798566818,0.9611190557479858,0.1347198188304901,0.8083074688911438,0.16285376250743866,0.7216525077819824,0.12529431283473969,0.8278212547302246,-0.009892920032143593,0.9562963843345642,0.11019627004861832,0.8116071224212646,0.16646690666675568,0.8096760511398315,0.10067466646432877,0.8317863941192627,-0.009441213682293892,0.9546765685081482,0.13634584844112396,0.8841723203659058,0.10909199714660645,0.8147377371788025,0.13033196330070496,0.9084609150886536,-0.08695070445537567,0.9350465536117554
C,0.8371053338050842,0.5106285214424133,-0.06475399434566498,0.9997483491897583,0.7096071839332581,0.5040155649185181,0.26248523592948914,0.9981726408004761,0.7276490330696106,0.525130033493042,-0.31425538659095764,0.9998461008071899,0.7240709066390991,0.6953414082527161,0.2922155261039734,0.3594737946987152,0.7342857122421265,0.7100861668586731,-0.3947000801563263,0.9888330698013306,0.7414619326591492,0.8473774194717407,0.14688408374786377,0.3955612778663635,0.7541285157203674,0.8832109570503235,-0.3725627660751343,0.9842533469200134,0.4810321629047394,0.569011926651001,0.18164090812206268,0.9972069263458252,0.48854586482048035,0.5898184180259705,-0.1815691590309143,0.9979247450828552,0.3178022503852844,0.6568862199783325,0.2233572006225586,0.20924413204193115,0.3182198703289032,0.6613798141479492,-0.12346571683883667,0.9591154456138611,0.12936750054359436,0.7447094321250916,0.3242431879043579,0.5432353019714355,0.12410881370306015,0.7500869035720825,-0.02950541116297245,0.9761858582496643,0.09645283967256546,0.7404967546463013,0.3281996548175812,0.7319586277008057,0.09300780296325684,0.7426120042800903,-0.02970912866294384,0.9751940965652466,0.14160281419754028,0.8479857444763184,0.22529013454914093,0.7407047152519226,0.13781049847602844,0.8600953221321106,-0.16812953352928162,0.9607566595077515
C,0.8690024018287659,0.44842398166656494,-0.1145365759730339,0.9998555779457092,0.7481957077980042,0.40737977623939514,0.15226103365421295,0.9987255930900574,0.7736428380012512,0.4596678912639618,-0.26469355821609497,0.999856173992157,0.7250135540962219,0.5966726541519165,0.16579198837280273,0.31179219484329224,0.7511659860610962,0.6773151755332947,-0.297025203704834,0.9887006282806396,0.7390748858451843,0.7515993714332581,0.09527748078107834,0.3427121639251709,0.7564333081245422,0.903564453125,-0.24318741261959076,0.9802556037902832,0.489854633808136,0.490274041891098,0.12398224323987961,0.9959766864776611,0.4855044484138489,0.5192998051643372,-0.12395472824573517,0.9978485703468323,0.28782251477241516,0.6185120344161987,0.17978763580322266,0.2400490790605545,0.280864417552948,0.6406432390213013,-0.05554116517305374,0.9521099925041199,0.1023629754781723,0.7195200324058533,0.25800761580467224,0.5812073945999146,0.08194208890199661,0.7480572462081909,0.015765570104122162,0.977323055267334,0.055182140320539474,0.7244659066200256,0.26180946826934814,0.7015717625617981,0.0359688363969326,0.7516583204269409,0.012753527611494064,0.976631760597229,0.13273240625858307,0.8264704942703247,0.18101829290390015,0.7658323645591736,0.10353997349739075,0.8590528964996338,-0.0969739481806755,0.9630350470542908
C,0.3350542187690735,0.6193429231643677,-0.06128525361418724,0.9963734149932861,0.3254244029521942,0.5995399355888367,-0.08252052217721939,0.9990242123603821,0.30449652671813965,0.6233181357383728,-0.18052451312541962,0.9991844296455383,0.24366934597492218,0.6832135915756226,-0.03191265091300011,0.43763887882232666,0.2691076397895813,0.7345767021179199,-0.23376181721687317,0.8448204398155212,0.2481231540441513,0.8340547680854797,-0.0998930037021637,0.7896897196769714,0.2531711757183075,0.8522630333900452,-0.22164228558540344,0.9217720031738281,0.26535946130752563,0.6343554854393005,0.08524458110332489,0.9984470009803772,0.24325191974639893,0.6582471132278442,-0.08480139076709747,0.9992741942405701,0.4255353510379791,0.6836020946502686,0.2513110041618347,0.6821678876876831,0.48277780413627625,0.707123339176178,-0.12541411817073822,0.9755815863609314,0.5067141652107239,0.7520220279693604,0.40369167923927307,0.8724815845489502,0.7121394872665405,0.8067340850830078,-0.2111402451992035,0.9894694685935974,0.5145636796951294,0.8019737005233765,0.41921573877334595,0.8982280492782593,0.769458532333374,0.8549771308898926,-0.23083019256591797,0.9854962229728699,0.540608823299408,0.7145704627037048,0.2907372713088989,0.9239469170570374,0.8297147750854492,0.7709134221076965,-0.43029874563217163,0.9813634157180786
C,0.3032931685447693,0.5141229033470154,-0.07556194067001343,0.9844155311584473,0.36631372570991516,0.5324665904045105,-0.23582406342029572,0.9962285161018372,0.37614160776138306,0.5155286192893982,0.13644103705883026,0.9889941215515137,0.37845054268836975,0.6678109765052795,-0.2734403908252716,0.8895940184593201,0.3837742805480957,0.6487236022949219,0.13362090289592743,0.17931760847568512,0.3787449896335602,0.7815188765525818,-0.24173003435134888,0.906238853931427,0.3801308572292328,0.7525451183319092,0.047249436378479004,0.18044555187225342,0.5097643136978149,0.5936652421951294,-0.1203833669424057,0.9881992936134338,0.5129620432853699,0.5790620446205139,0.12034948170185089,0.9777019619941711,0.6234760880470276,0.6532631516456604,-0.07557733356952667,0.8550681471824646,0.6245836615562439,0.6489900946617126,0.17298918962478638,0.19229048490524292,0.7289876341819763,0.719813883304596,-0.006061330903321505,0.9358571767807007,0.7214795351028442,0.7055764198303223,0.26364126801490784,0.48750343918800354,0.7502381801605225,0.7064829468727112,-0.0035395659506320953,0.9442763924598694,0.7426279783248901,0.6955782175064087,0.26994654536247253,0.6673449277877808,0.7256925702095032,0.8033478856086731,-0.08718075603246689,0.9221071600914001,0.7206183671951294,0.7710957527160645,0.20274578034877777,0.7034263014793396
C,0.12639731168746948,0.47285521030426025,-0.0027173429261893034,0.9986146092414856,0.22075282037258148,0.47857633233070374,-0.20526723563671112,0.9997464418411255,0.25437429547309875,0.48078206181526184,0.2546023428440094,0.9986435770988464,0.21640631556510925,0.6803792119026184,-0.26552098989486694,0.9899441599845886,0.255852073431015,0.662736177444458,0.29426002502441406,0.6122167110443115,0.21669697761535645,0.8621541857719421,-0.2823818325996399,0.9845876693725586,0.2582530677318573,0.8195468783378601,0.21696454286575317,0.7065313458442688,0.45172351598739624,0.5521029829978943,-0.14281730353832245,0.9978328943252563,0.4595614969730377,0.5437261462211609,0.14283214509487152,0.9950886368751526,0.6334750056266785,0.6418689489364624,-0.15195605158805847,0.9172002077102661,0.6352117657661438,0.6340335607528687,0.13064183294773102,0.21033026278018951,0.8145628571510315,0.7362828254699707,-0.1287381947040558,0.9506191611289978,0.7974416613578796,0.7185027003288269,0.16565820574760437,0.530491292476654,0.8512294888496399,0.7283492684364319,-0.13279378414154053,0.9562463164329529,0.833795964717865,0.7134518623352051,0.16475504636764526,0.6912412643432617,0.8037887811660767,0.8460202217102051,-0.25243645906448364,0.9453208446502686,0.7939461469650269,0.8285486698150635,0.06669244915246964,0.7358827590942383
C,0.07077700644731522,0.2719785273075104,-0.20087756216526031,0.9996355772018433,0.2062710076570511,0.272563099861145,-0.4642189145088196,0.9997774958610535,0.22634673118591309,0.24943551421165466,0.23718950152397156,0.9990885853767395,0.1958528757095337,0.6438024044036865,-0.5507256388664246,0.9934369921684265,0.21949344873428345,0.5629475712776184,0.2571278512477875,0.3613433539867401,0.17292512953281403,0.952608048915863,-0.5141868591308594,0.9846139550209045,0.19171488285064697,0.8315002918243408,0.07713255286216736,0.45710620284080505,0.5211809277534485,0.39514532685279846,-0.20900429785251617,0.9976336359977722,0.5158310532569885,0.40030065178871155,0.20892150700092316,0.9942981004714966,0.7293222546577454,0.5922435522079468,-0.07993064820766449,0.929126501083374,0.7202543020248413,0.5889178514480591,0.3546813130378723,0.24940690398216248,0.9316737651824951,0.7335888743400574,0.10864496976137161,0.9727866053581238,0.8981160521507263,0.713507890701294,0.570978045463562,0.6780328154563904,0.9884294867515564,0.7420350909233093,0.1174544245004654,0.9797741174697876,0.9373298287391663,0.7150826454162598,0.5884879231452942,0.8295807242393494,0.8917340636253357,0.8931562304496765,-0.028173016384243965,0.9623679518699646,0.8732243776321411,0.8715580701828003,0.4808310568332672,0.8423426151275635
C,0.05412248149514198,0.43435797095298767,-0.05086345225572586,0.9985693693161011,0.17440831661224365,0.3820803463459015,-0.3352418839931488,0.9996037483215332,0.19353853166103363,0.31285861134529114,0.29916414618492126,0.9961262345314026,0.3392087519168854,0.430215060710907,-0.3576718270778656,0.9793413877487183,0.33991146087646484,0.40918290615081787,0.34293437004089355,0.10485520958900452,0.33787378668785095,0.8459135293960571,-0.2648650109767914,0.9410563707351685,0.35276204347610474,0.8093617558479309,0.21455012261867523,0.1561933159828186,0.4729757010936737,0.4831446409225464,-0.20557577908039093,0.9843171834945679,0.4731789827346802,0.4101416766643524,0.2058829516172409,0.9778702259063721,0.7083137035369873,0.540141761302948,-0.16659924387931824,0.9251828193664551,0.7074980139732361,0.5019359588623047,0.21506516635417938,0.2551615834236145,0.9351890683174133,0.6322254538536072,-0.08832228928804398,0.9351506233215332,0.9206750988960266,0.6009916663169861,0.303883820772171,0.5060767531394958,0.9693146347999573,0.5816221237182617,-0.08740176260471344,0.9339526295661926,0.9558312296867371,0.5586624145507812,0.30390411615371704,0.6127382516860962,0.9525601267814636,0.918583869934082,-0.23274748027324677,0.9180020689964294,0.9369141459465027,0.8837655186653137,0.19107842445373535,0.621711254119873
C,0.9204191565513611,0.38578498363494873,-0.025522738695144653,0.9988207817077637,0.7771554589271545,0.46742093563079834,0.3268429934978485,0.9958028197288513,0.8151648640632629,0.5368592143058777,-0.2617301046848297,0.9988873600959778,0.7867479920387268,0.8895982503890991,0.3120507001876831,0.4879274070262909,0.8205464482307434,0.9808886051177979,-0.24308088421821594,0.8590289354324341,0.9137148261070251,0.9193112254142761,0.2059393674135208,0.578190267086029,0.9498775601387024,0.9622173309326172,-0.10147781670093536,0.8690177202224731,0.5344601273536682,0.6260966062545776,0.18766315281391144,0.9955272674560547,0.5421618819236755,0.6877705454826355,-0.18764284253120422,0.994540274143219,0.31473660469055176,0.7371193170547485,0.20132993161678314,0.3392077386379242,0.3073585033416748,0.7592572569847107,-0.17654535174369812,0.8415604829788208,0.10094518214464188,0.7824774980545044,0.29411780834198,0.5497400164604187,0.0846010372042656,0.7896766066551208,-0.11948524415493011,0.8880641460418701,0.07166308909654617,0.7285681962966919,0.2996199131011963,0.7221876978874207,0.053929489105939865,0.7216871976852417,-0.11694096028804779,0.8851508498191833,0.04584260657429695,0.9587917327880859,0.21166081726551056,0.6950814127922058,0.028975939378142357,0.993283212184906,-0.2503393292427063,0.8840947151184082
